topic,title,url,difficulty
Array,Two Sum,https://leetcode.com/problems/two-sum/,Easy
Array,Best Time to Buy and Sell Stock,https://leetcode.com/problems/best-time-to-buy-and-sell-stock/,Easy
Array,Contains Duplicate,https://leetcode.com/problems/contains-duplicate/,Easy
Array,Product of Array Except Self,https://leetcode.com/problems/product-of-array-except-self/,Medium
Array,Maximum Subarray,https://leetcode.com/problems/maximum-subarray/,Medium
Array,Maximum Product Subarray,https://leetcode.com/problems/maximum-product-subarray/,Medium
Array,Find Minimum in Rotated Sorted Array,https://leetcode.com/problems/find-minimum-in-rotated-sorted-array/,Medium
Array,Search in Rotated Sorted Array,https://leetcode.com/problems/search-in-rotated-sorted-array/,Medium
Array,3 Sum,https://leetcode.com/problems/3sum/,Medium
Array,Container With Most Water,https://leetcode.com/problems/container-with-most-water/,Medium
Binary,Sum of Two Integers,https://leetcode.com/problems/sum-of-two-integers/,Medium
Binary,Number of 1 Bits,https://leetcode.com/problems/number-of-1-bits/,Easy
Binary,Counting Bits,https://leetcode.com/problems/counting-bits/,Easy
Binary,Missing Number,https://leetcode.com/problems/missing-number/,Easy
Binary,Reverse Bits,https://leetcode.com/problems/reverse-bits/,Easy
Dynamic Programming,Climbing Stairs,https://leetcode.com/problems/climbing-stairs/,Easy
Dynamic Programming,Coin Change,https://leetcode.com/problems/coin-change/,Medium
Dynamic Programming,Longest Increasing Subsequence,https://leetcode.com/problems/longest-increasing-subsequence/,Medium
Dynamic Programming,Longest Common Subsequence,https://leetcode.com/problems/longest-common-subsequence/,Medium
Dynamic Programming,Word Break Problem,https://leetcode.com/problems/word-break/,Medium
Dynamic Programming,Combination Sum,https://leetcode.com/problems/combination-sum-iv/,Medium
Dynamic Programming,House Robber,https://leetcode.com/problems/house-robber/,Medium
Dynamic Programming,House Robber II,https://leetcode.com/problems/house-robber-ii/,Medium
Dynamic Programming,Decode Ways,https://leetcode.com/problems/decode-ways/,Medium
Dynamic Programming,Unique Paths,https://leetcode.com/problems/unique-paths/,Medium
Dynamic Programming,Jump Game,https://leetcode.com/problems/jump-game/,Medium
Graph,Clone Graph,https://leetcode.com/problems/clone-graph/,Medium
Graph,Course Schedule,https://leetcode.com/problems/course-schedule/,Medium
Graph,Pacific Atlantic Water Flow,https://leetcode.com/problems/pacific-atlantic-water-flow/,Medium
Graph,Number of Islands,https://leetcode.com/problems/number-of-islands/,Medium
Graph,Longest Consecutive Sequence,https://leetcode.com/problems/longest-consecutive-sequence/,Medium
Graph,Alien Dictionary (Leetcode Premium),https://leetcode.com/problems/alien-dictionary/,Hard
Graph,Graph Valid Tree (Leetcode Premium),https://leetcode.com/problems/graph-valid-tree/,Medium
Graph,Number of Connected Components in an Undirected Graph (Leetcode Premium),https://leetcode.com/problems/number-of-connected-components-in-an-undirected-graph/,Medium
Interval,Insert Interval,https://leetcode.com/problems/insert-interval/,Medium
Interval,Merge Intervals,https://leetcode.com/problems/merge-intervals/,Medium
Interval,Non-overlapping Intervals,https://leetcode.com/problems/non-overlapping-intervals/,Medium
Interval,Meeting Rooms (Leetcode Premium),https://leetcode.com/problems/meeting-rooms/,Easy
Interval,Meeting Rooms II (Leetcode Premium),https://leetcode.com/problems/meeting-rooms-ii/,Medium
Linked List,Reverse a Linked List,https://leetcode.com/problems/reverse-linked-list/,Easy
Linked List,Detect Cycle in a Linked List,https://leetcode.com/problems/linked-list-cycle/,Easy
Linked List,Merge Two Sorted Lists,https://leetcode.com/problems/merge-two-sorted-lists/,Easy
Linked List,Merge K Sorted Lists,https://leetcode.com/problems/merge-k-sorted-lists/,Hard
Linked List,Remove Nth Node From End Of List,https://leetcode.com/problems/remove-nth-node-from-end-of-list/,Medium
Linked List,Reorder List,https://leetcode.com/problems/reorder-list/,Medium
Matrix,Set Matrix Zeroes,https://leetcode.com/problems/set-matrix-zeroes/,Medium
Matrix,Spiral Matrix,https://leetcode.com/problems/spiral-matrix/,Medium
Matrix,Rotate Image,https://leetcode.com/problems/rotate-image/,Medium
Matrix,Word Search,https://leetcode.com/problems/word-search/,Medium
String,Longest Substring Without Repeating Characters,https://leetcode.com/problems/longest-substring-without-repeating-characters/,Medium
String,Longest Repeating Character Replacement,https://leetcode.com/problems/longest-repeating-character-replacement/,Medium
String,Minimum Window Substring,https://leetcode.com/problems/minimum-window-substring/,Hard
String,Valid Anagram,https://leetcode.com/problems/valid-anagram/,Easy
String,Group Anagrams,https://leetcode.com/problems/group-anagrams/,Medium
String,Valid Parentheses,https://leetcode.com/problems/valid-parentheses/,Easy
String,Valid Palindrome,https://leetcode.com/problems/valid-palindrome/,Easy
String,Longest Palindromic Substring,https://leetcode.com/problems/longest-palindromic-substring/,Medium
String,Palindromic Substrings,https://leetcode.com/problems/palindromic-substrings/,Medium
String,Encode and Decode Strings (Leetcode Premium),https://leetcode.com/problems/encode-and-decode-strings/,Medium
Tree,Maximum Depth of Binary Tree,https://leetcode.com/problems/maximum-depth-of-binary-tree/,Easy
Tree,Same Tree,https://leetcode.com/problems/same-tree/,Easy
Tree,Invert/Flip Binary Tree,https://leetcode.com/problems/invert-binary-tree/,Easy
Tree,Binary Tree Maximum Path Sum,https://leetcode.com/problems/binary-tree-maximum-path-sum/,Hard
Tree,Binary Tree Level Order Traversal,https://leetcode.com/problems/binary-tree-level-order-traversal/,Medium
Tree,Serialize and Deserialize Binary Tree,https://leetcode.com/problems/serialize-and-deserialize-binary-tree/,Hard
Tree,Subtree of Another Tree,https://leetcode.com/problems/subtree-of-another-tree/,Easy
Tree,Construct Binary Tree from Preorder and Inorder Traversal,https://leetcode.com/problems/construct-binary-tree-from-preorder-and-inorder-traversal/,Medium
Tree,Validate Binary Search Tree,https://leetcode.com/problems/validate-binary-search-tree/,Medium
Tree,Kth Smallest Element in a BST,https://leetcode.com/problems/kth-smallest-element-in-a-bst/,Medium
Tree,Lowest Common Ancestor of BST,https://leetcode.com/problems/lowest-common-ancestor-of-a-binary-search-tree/,Medium
Tree,Implement Trie (Prefix Tree),https://leetcode.com/problems/implement-trie-prefix-tree/,Medium
Tree,Add and Search Word,https://leetcode.com/problems/add-and-search-word-data-structure-design/,Medium
Tree,Word Search II,https://leetcode.com/problems/word-search-ii/,Hard
Heap,Merge K Sorted Lists,https://leetcode.com/problems/merge-k-sorted-lists/,Hard
Heap,Top K Frequent Elements,https://leetcode.com/problems/top-k-frequent-elements/,Medium
Heap,Top K Frequent Elements,https://leetcode.com/problems/find-median-from-data-stream/,Hard
